SKU_ID;sku_name_raw;Kaspi_name_edit;my_size;Size_kaspi;Stock_entered;Kaspi_art_1;SKU_ID_KSP;Kaspi_name_source;SKU_key;Kaspi_art_2;Kaspi_art_3;Product_Type;Brend;Model;Color;Our_Size;Gender;Season;BaseCost_CNY;Weight_kg;pol;
CL_OC_MEN_PRINT51_BLACK_S;CL_OC_MEN_PRINT51_BLACK_S;;S;;;;CL_OC_MEN_PRINT51_BLACK_(S);;CL_OC_MEN_PRINT51_BLACK;;;CL;OC;Print51;Black;;Men;All;47;0,95;;
CL_OC_MEN_PRINT51_BLACK_M;CL_OC_MEN_PRINT51_BLACK_M;;M;;;;CL_OC_MEN_PRINT51_BLACK_(M);;CL_OC_MEN_PRINT51_BLACK;;;CL;OC;Print51;Black;;Men;All;47;0,95;;
CL_OC_MEN_PRINT51_BLACK_L;CL_OC_MEN_PRINT51_BLACK_L;;L;;;;CL_OC_MEN_PRINT51_BLACK_(L);;CL_OC_MEN_PRINT51_BLACK;;;CL;OC;Print51;Black;;Men;All;47;0,95;;
CL_OC_MEN_PRINT51_BLACK_XL;CL_OC_MEN_PRINT51_BLACK_XL;;XL;;;;CL_OC_MEN_PRINT51_BLACK_(XL);;CL_OC_MEN_PRINT51_BLACK;;;CL;OC;Print51;Black;;Men;All;47;0,95;;
CL_OC_MEN_PRINT51_BLACK_2XL;CL_OC_MEN_PRINT51_BLACK_2XL;;2XL;;;;CL_OC_MEN_PRINT51_BLACK_(2XL);;CL_OC_MEN_PRINT51_BLACK;;;CL;OC;Print51;Black;;Men;All;47;0,95;;
CL_OC_MEN_PRINT51_BLACK_3XL;CL_OC_MEN_PRINT51_BLACK_3XL;;3XL;;;;CL_OC_MEN_PRINT51_BLACK_(3XL);;CL_OC_MEN_PRINT51_BLACK;;;CL;OC;Print51;Black;;Men;All;47;0,95;;
CL_OC_MEN_PRINT51_BLACK_4XL;CL_OC_MEN_PRINT51_BLACK_4XL;;4XL;;;;CL_OC_MEN_PRINT51_BLACK_(4XL);;CL_OC_MEN_PRINT51_BLACK;;;CL;OC;Print51;Black;;Men;All;47;0,95;;
CL_NK_MEN_BELI51_WHITE_S;CL_NK_MEN_BELI51_WHITE_S;;S;;;;CL_NK_MEN_BELI51_WHITE_(S);;CL_NK_MEN_BELI51_WHITE;;;CL;Nk;BELI51;White;;Men;All;65;0,95;;
CL_NK_MEN_BELI51_WHITE_M;CL_NK_MEN_BELI51_WHITE_M;;M;;;;CL_NK_MEN_BELI51_WHITE_(M);;CL_NK_MEN_BELI51_WHITE;;;CL;Nk;BELI51;White;;Men;All;65;0,95;;
CL_NK_MEN_BELI51_WHITE_L;CL_NK_MEN_BELI51_WHITE_L;;L;;;;CL_NK_MEN_BELI51_WHITE_(L);;CL_NK_MEN_BELI51_WHITE;;;CL;Nk;BELI51;White;;Men;All;65;0,95;;
CL_NK_MEN_BELI51_WHITE_XL;CL_NK_MEN_BELI51_WHITE_XL;;XL;;;;CL_NK_MEN_BELI51_WHITE_(XL);;CL_NK_MEN_BELI51_WHITE;;;CL;Nk;BELI51;White;;Men;All;65;0,95;;
CL_NK_MEN_BELI51_WHITE_2XL;CL_NK_MEN_BELI51_WHITE_2XL;;2XL;;;;CL_NK_MEN_BELI51_WHITE_(2XL);;CL_NK_MEN_BELI51_WHITE;;;CL;Nk;BELI51;White;;Men;All;65;0,95;;
CL_NK_MEN_BELI51_WHITE_3XL;CL_NK_MEN_BELI51_WHITE_3XL;;3XL;;;;CL_NK_MEN_BELI51_WHITE_(3XL);;CL_NK_MEN_BELI51_WHITE;;;CL;Nk;BELI51;White;;Men;All;65;0,95;;
CL_NK_MEN_BELI51_WHITE_4XL;CL_NK_MEN_BELI51_WHITE_4XL;;4XL;;;;CL_NK_MEN_BELI51_WHITE_(4XL);;CL_NK_MEN_BELI51_WHITE;;;CL;Nk;BELI51;White;;Men;All;65;0,95;;
CL_OC_MEN_BELI51_WHITE_S;CL_OC_MEN_BELI51_WHITE_S;;S;;;;CL_OC_MEN_BELI51_WHITE_(S);;CL_OC_MEN_BELI51_WHITE;;;CL;OC;BELI51;White;;Men;All;60;0,95;;
CL_OC_MEN_BELI51_WHITE_M;CL_OC_MEN_BELI51_WHITE_M;;M;;;;CL_OC_MEN_BELI51_WHITE_(M);;CL_OC_MEN_BELI51_WHITE;;;CL;OC;BELI51;White;;Men;All;60;0,95;;
CL_OC_MEN_BELI51_WHITE_L;CL_OC_MEN_BELI51_WHITE_L;;L;;;;CL_OC_MEN_BELI51_WHITE_(L);;CL_OC_MEN_BELI51_WHITE;;;CL;OC;BELI51;White;;Men;All;60;0,95;;
CL_OC_MEN_BELI51_WHITE_XL;CL_OC_MEN_BELI51_WHITE_XL;;XL;;;;CL_OC_MEN_BELI51_WHITE_(XL);;CL_OC_MEN_BELI51_WHITE;;;CL;OC;BELI51;White;;Men;All;60;0,95;;#REF!
CL_OC_MEN_BELI51_WHITE_2XL;CL_OC_MEN_BELI51_WHITE_2XL;;2XL;;;;CL_OC_MEN_BELI51_WHITE_(2XL);;CL_OC_MEN_BELI51_WHITE;;;CL;OC;BELI51;White;;Men;All;60;0,95;;
CL_OC_MEN_BELI51_WHITE_3XL;CL_OC_MEN_BELI51_WHITE_3XL;;3XL;;;;CL_OC_MEN_BELI51_WHITE_(3XL);;CL_OC_MEN_BELI51_WHITE;;;CL;OC;BELI51;White;;Men;All;60;0,95;;
CL_OC_MEN_BELI51_WHITE_4XL;CL_OC_MEN_BELI51_WHITE_4XL;;4XL;;;;CL_OC_MEN_BELI51_WHITE_(4XL);;CL_OC_MEN_BELI51_WHITE;;;CL;OC;BELI51;White;;Men;All;60;0,95;;
ELS_EPSON_L3250_PRINTER;ELS_EPSON_L3250_PRINTER;;;;;;ELS_EPSON_L3250_PRINTER_();;ELS_EPSON_L3250_PRINTER;;;ELS;EPSON;L3250;PRINTER;;;All;;;;
ELS_EPSON_L805_PRINTER;ELS_EPSON_L805_PRINTER;;;;;;ELS_EPSON_L805_PRINTER_();;ELS_EPSON_L805_PRINTER;;;ELS;EPSON;L805;PRINTER;;;All;;;;
ELS_EPSON_L3260_PRINTER;ELS_EPSON_L3260_PRINTER;;;;;;ELS_EPSON_L3260_PRINTER_();;ELS_EPSON_L3260_PRINTER;;;ELS;EPSON;L3260;PRINTER;;;All;;;;
ELS_EPSON_L132_PRINTER;ELS_EPSON_L132_PRINTER;;;;;;ELS_EPSON_L132_PRINTER_();;ELS_EPSON_L132_PRINTER;;;ELS;EPSON;L132;PRINTER;;;All;;;;
ELS_EPSON_L3256_PRINTER;ELS_EPSON_L3256_PRINTER;;;;;;ELS_EPSON_L3256_PRINTER_();;ELS_EPSON_L3256_PRINTER;;;ELS;EPSON;L3256;PRINTER;;;All;;;;
ELS_EPSON_L3251_PRINTER;ELS_EPSON_L3251_PRINTER;;;;;;ELS_EPSON_L3251_PRINTER_();;ELS_EPSON_L3251_PRINTER;;;ELS;EPSON;L3251;PRINTER;;;All;;;;
ELS_EPSON_L8160_PRINTER;ELS_EPSON_L8160_PRINTER;;;;;;ELS_EPSON_L8160_PRINTER_();;ELS_EPSON_L8160_PRINTER;;;ELS;EPSON;L8160;PRINTER;;;All;;;;
ELS_EPSON_L3550_PRINTER;ELS_EPSON_L3550_PRINTER;;;;;;ELS_EPSON_L3550_PRINTER_();;ELS_EPSON_L3550_PRINTER;;;ELS;EPSON;L3550;PRINTER;;;All;;;;
ELS_EPSON_L3210_PRINTER;ELS_EPSON_L3210_PRINTER;;;;;;ELS_EPSON_L3210_PRINTER_();;ELS_EPSON_L3210_PRINTER;;;ELS;EPSON;L3210;PRINTER;;;All;;;;
ELS_EPSON_L1250_PRINTER;ELS_EPSON_L1250_PRINTER;;;;;;ELS_EPSON_L1250_PRINTER_();;ELS_EPSON_L1250_PRINTER;;;ELS;EPSON;L1250;PRINTER;;;All;;;;
ELS_EPSON_L11050_PRINTER;ELS_EPSON_L11050_PRINTER;;;;;;ELS_EPSON_L11050_PRINTER_();;ELS_EPSON_L11050_PRINTER;;;ELS;EPSON;L11050;PRINTER;;;All;;;;
ELS_EPSON_L5290_PRINTER;ELS_EPSON_L5290_PRINTER;;;;;;ELS_EPSON_L5290_PRINTER_();;ELS_EPSON_L5290_PRINTER;;;ELS;EPSON;L5290;PRINTER;;;All;;;;
CL_NEW-CLO_MEN_TAICI_WHITE;CL_NEW-CLO_MEN_TAICI_WHITE;;;;;;CL_NEW-CLO_MEN_TAICI_WHITE_();;CL_NEW-CLO_MEN_TAICI_WHITE;;;CL;New-Clo;TAICI;White;;Men;All;;;;
CL_NEW-CLO_MEN_S-NK31_BLACK;CL_NEW-CLO_MEN_S-NK31_BLACK;;;;;;CL_NEW-CLO_MEN_S-NK31_BLACK_();;CL_NEW-CLO_MEN_S-NK31_BLACK;;;CL;New-Clo;S-Nk31;Black;;Men;All;;;;
CL_NEW-CLO_MEN_S-NK31_BLACK;CL_NEW-CLO_MEN_S-NK31_BLACK;;;;;;CL_NEW-CLO_MEN_S-NK31_BLACK_();;CL_NEW-CLO_MEN_S-NK31_BLACK;;;CL;New-Clo;S-Nk31;Black;;Men;All;;;;
CL_NEW-CLO_MEN_T-SHIRT_BLACK_S;CL_NEW-CLO_MEN_T-SHIRT_BLACK_S;Футболка черная;S;44/S;2;122754031;CL_NEW-CLO_MEN_T-SHIRT_BLACK_44/S_(S);Футболка черная мужской 44/S 122754031 (S);CL_NEW-CLO_MEN_T-SHIRT_BLACK;;;CL;New-Clo;T-Shirt;Black;M;Men;All;;#REF!;мужской;
CL_NEW-CLO_MEN_T-SHIRT_BLACK_M;CL_NEW-CLO_MEN_T-SHIRT_BLACK_M;Футболка черная;M;44;8;122754031;CL_NEW-CLO_MEN_T-SHIRT_BLACK_44_(M);Футболка черная мужской 44 122754031 (M);CL_NEW-CLO_MEN_T-SHIRT_BLACK;;;CL;New-Clo;T-Shirt;Black;;Men;All;;#REF!;мужской;
CL_NEW-CLO_MEN_T-SHIRT_BLACK_L;CL_NEW-CLO_MEN_T-SHIRT_BLACK_L;Футболка черная;L;46/М;5;122754031;CL_NEW-CLO_MEN_T-SHIRT_BLACK_46/М_(L);Футболка черная мужской 46/М 122754031 (L);CL_NEW-CLO_MEN_T-SHIRT_BLACK;;;CL;New-Clo;T-Shirt;Black;;Men;All;;#REF!;мужской;
CL_NEW-CLO_MEN_T-SHIRT_BLACK_L;CL_NEW-CLO_MEN_T-SHIRT_BLACK_L;Футболка черная;L;46;8;122754031;CL_NEW-CLO_MEN_T-SHIRT_BLACK_46_(L);Футболка черная мужской 46 122754031 (L);CL_NEW-CLO_MEN_T-SHIRT_BLACK;;;CL;New-Clo;T-Shirt;Black;;Men;All;;#REF!;мужской;
CL_NEW-CLO_MEN_T-SHIRT_BLACK_XL;CL_NEW-CLO_MEN_T-SHIRT_BLACK_XL;Футболка черная;XL;48/L;7;122754031;CL_NEW-CLO_MEN_T-SHIRT_BLACK_48/L_(XL);Футболка черная мужской 48/L 122754031 (XL);CL_NEW-CLO_MEN_T-SHIRT_BLACK;;;CL;New-Clo;T-Shirt;Black;;Men;All;;#REF!;мужской;
CL_NEW-CLO_MEN_T-SHIRT_BLACK_XL;CL_NEW-CLO_MEN_T-SHIRT_BLACK_XL;Футболка черная;XL;50/XL;9;122754031;CL_NEW-CLO_MEN_T-SHIRT_BLACK_50/XL_(XL);Футболка черная мужской 50/XL 122754031 (XL);CL_NEW-CLO_MEN_T-SHIRT_BLACK;;;CL;New-Clo;T-Shirt;Black;;Men;All;;#REF!;мужской;
CL_NEW-CLO_MEN_T-SHIRT_BLACK_XL;CL_NEW-CLO_MEN_T-SHIRT_BLACK_XL;Футболка черная;XL;50;7;122754031;CL_NEW-CLO_MEN_T-SHIRT_BLACK_50_(XL);Футболка черная мужской 50 122754031 (XL);CL_NEW-CLO_MEN_T-SHIRT_BLACK;;;CL;New-Clo;T-Shirt;Black;;Men;All;;#REF!;мужской;
CL_NEW-CLO_MEN_T-SHIRT_BLACK_2XL;CL_NEW-CLO_MEN_T-SHIRT_BLACK_2XL;Футболка черная;2XL;52/2XL;14;122754031;CL_NEW-CLO_MEN_T-SHIRT_BLACK_52/2XL_(2XL);Футболка черная мужской 52/2XL 122754031 (2XL);CL_NEW-CLO_MEN_T-SHIRT_BLACK;;;CL;New-Clo;T-Shirt;Black;;Men;All;;#REF!;мужской;
CL_NEW-CLO_MEN_T-SHIRT_BLACK_2XL;CL_NEW-CLO_MEN_T-SHIRT_BLACK_2XL;Футболка черная;2XL;52;14;122754031;CL_NEW-CLO_MEN_T-SHIRT_BLACK_52_(2XL);Футболка черная мужской 52 122754031 (2XL);CL_NEW-CLO_MEN_T-SHIRT_BLACK;;;CL;New-Clo;T-Shirt;Black;;Men;All;;#REF!;мужской;
CL_NEW-CLO_MEN_T-SHIRT_BLACK_3XL;CL_NEW-CLO_MEN_T-SHIRT_BLACK_3XL;Футболка черная;3XL;54/3XL;10;122754031;CL_NEW-CLO_MEN_T-SHIRT_BLACK_54/3XL_(3XL);Футболка черная мужской 54/3XL 122754031 (3XL);CL_NEW-CLO_MEN_T-SHIRT_BLACK;;;CL;New-Clo;T-Shirt;Black;;Men;All;;#REF!;мужской;
CL_NEW-CLO_MEN_T-SHIRT_BLACK_3XL;CL_NEW-CLO_MEN_T-SHIRT_BLACK_3XL;Футболка черная;3XL;54;5;122754031;CL_NEW-CLO_MEN_T-SHIRT_BLACK_54_(3XL);Футболка черная мужской 54 122754031 (3XL);CL_NEW-CLO_MEN_T-SHIRT_BLACK;;;CL;New-Clo;T-Shirt;Black;;Men;All;;#REF!;мужской;
CL_NEW-CLO_MEN_RUSH-PRO_BLACK_M;CL_NEW-CLO_MEN_RUSH-PRO_BLACK_M;Рашгард ДЛИННЫЙ РУКАВ черный;M;S 44-46;6;135277314;CL_NEW-CLO_MEN_RUSH-PRO_BLACK_S 44-46_(M);Рашгард ДЛИННЫЙ РУКАВ черный мужской S 44-46 135277314 (M);CL_NEW-CLO_MEN_RUSH-PRO_BLACK;;;CL;New-Clo;RUSH-Pro;Black;;Men;All;;#REF!;мужской;
CL_NEW-CLO_MEN_RUSH-PRO_BLACK_L;CL_NEW-CLO_MEN_RUSH-PRO_BLACK_L;Рашгард ДЛИННЫЙ РУКАВ черный;L;M 46-48;13;135277314;CL_NEW-CLO_MEN_RUSH-PRO_BLACK_M 46-48_(L);Рашгард ДЛИННЫЙ РУКАВ черный мужской M 46-48 135277314 (L);CL_NEW-CLO_MEN_RUSH-PRO_BLACK;;;CL;New-Clo;RUSH-Pro;Black;;Men;All;;#REF!;мужской;
CL_NEW-CLO_MEN_RUSH-PRO_BLACK_XL;CL_NEW-CLO_MEN_RUSH-PRO_BLACK_XL;Рашгард ДЛИННЫЙ РУКАВ черный;XL;L 48-50;11;135277314;CL_NEW-CLO_MEN_RUSH-PRO_BLACK_L 48-50_(XL);Рашгард ДЛИННЫЙ РУКАВ черный мужской L 48-50 135277314 (XL);CL_NEW-CLO_MEN_RUSH-PRO_BLACK;;;CL;New-Clo;RUSH-Pro;Black;;Men;All;;#REF!;мужской;
CL_NEW-CLO_MEN_RUSH-PRO_BLACK_XL;CL_NEW-CLO_MEN_RUSH-PRO_BLACK_XL;Рашгард ДЛИННЫЙ РУКАВ черный;XL;XL 50-52;11;135277314;CL_NEW-CLO_MEN_RUSH-PRO_BLACK_XL 50-52_(XL);Рашгард ДЛИННЫЙ РУКАВ черный мужской XL 50-52 135277314 (XL);CL_NEW-CLO_MEN_RUSH-PRO_BLACK;;;CL;New-Clo;RUSH-Pro;Black;;Men;All;;#REF!;мужской;
CL_NEW-CLO_MEN_RUSH-PRO_BLACK_2XL;CL_NEW-CLO_MEN_RUSH-PRO_BLACK_2XL;Рашгард ДЛИННЫЙ РУКАВ черный;2XL;2XL 52-54;17;135277314;CL_NEW-CLO_MEN_RUSH-PRO_BLACK_2XL 52-54_(2XL);Рашгард ДЛИННЫЙ РУКАВ черный мужской 2XL 52-54 135277314 (2XL);CL_NEW-CLO_MEN_RUSH-PRO_BLACK;;;CL;New-Clo;RUSH-Pro;Black;;Men;All;;#REF!;мужской;
CL_NEW-CLO_MEN_RUSH-PRO_BLACK_3XL;CL_NEW-CLO_MEN_RUSH-PRO_BLACK_3XL;Рашгард ДЛИННЫЙ РУКАВ черный;3XL;3XL 54-56;15;135277314;CL_NEW-CLO_MEN_RUSH-PRO_BLACK_3XL 54-56_(3XL);Рашгард ДЛИННЫЙ РУКАВ черный мужской 3XL 54-56 135277314 (3XL);CL_NEW-CLO_MEN_RUSH-PRO_BLACK;;;CL;New-Clo;RUSH-Pro;Black;;Men;All;;#REF!;мужской;
CL_NEW-CLO_KIDS_KID-31_BLACK_22;CL_NEW-CLO_KIDS_KID-31_BLACK_22;Спортивный 3в1 черный;22;;2;136306498;CL_NEW-CLO_KIDS_KID-31_BLACK_(22);Спортивный 3в1 черный детский 136306498 (22);CL_NEW-CLO_KIDS_KID-31_BLACK;;;CL;New-Clo;Kid-31;Black;;Kids;All;;#REF!;детский;
CL_NEW-CLO_KIDS_KID-31_BLACK_24;CL_NEW-CLO_KIDS_KID-31_BLACK_24;Спортивный 3в1 черный;24;122-128;5;136306498;CL_NEW-CLO_KIDS_KID-31_BLACK_122-128_(24);Спортивный 3в1 черный детский 122-128 136306498 (24);CL_NEW-CLO_KIDS_KID-31_BLACK;;;CL;New-Clo;Kid-31;Black;;Kids;All;;#REF!;детский;
CL_NEW-CLO_KIDS_KID-31_BLACK_24;CL_NEW-CLO_KIDS_KID-31_BLACK_24;Спортивный 3в1 черный;24;128;4;136306498;CL_NEW-CLO_KIDS_KID-31_BLACK_128_(24);Спортивный 3в1 черный детский 128 136306498 (24);CL_NEW-CLO_KIDS_KID-31_BLACK;;;CL;New-Clo;Kid-31;Black;;Kids;All;;#REF!;детский;
CL_NEW-CLO_KIDS_KID-31_BLACK_26;CL_NEW-CLO_KIDS_KID-31_BLACK_26;Спортивный 3в1 черный;26;128-134;6;136306498;CL_NEW-CLO_KIDS_KID-31_BLACK_128-134_(26);Спортивный 3в1 черный детский 128-134 136306498 (26);CL_NEW-CLO_KIDS_KID-31_BLACK;;;CL;New-Clo;Kid-31;Black;;Kids;All;;#REF!;детский;
CL_NEW-CLO_KIDS_KID-31_BLACK_26;CL_NEW-CLO_KIDS_KID-31_BLACK_26;Спортивный 3в1 черный;26;134;5;136306498;CL_NEW-CLO_KIDS_KID-31_BLACK_134_(26);Спортивный 3в1 черный детский 134 136306498 (26);CL_NEW-CLO_KIDS_KID-31_BLACK;;;CL;New-Clo;Kid-31;Black;;Kids;All;;#REF!;детский;
CL_NEW-CLO_KIDS_KID-31_BLACK_26;CL_NEW-CLO_KIDS_KID-31_BLACK_26;Спортивный 3в1 черный;26;140;5;136306498;CL_NEW-CLO_KIDS_KID-31_BLACK_140_(26);Спортивный 3в1 черный детский 140 136306498 (26);CL_NEW-CLO_KIDS_KID-31_BLACK;;;CL;New-Clo;Kid-31;Black;;Kids;All;;#REF!;детский;
CL_NEW-CLO_KIDS_KID-31_BLACK_28;CL_NEW-CLO_KIDS_KID-31_BLACK_28;Спортивный 3в1 черный;28;140-146;2;136306498;CL_NEW-CLO_KIDS_KID-31_BLACK_140-146_(28);Спортивный 3в1 черный детский 140-146 136306498 (28);CL_NEW-CLO_KIDS_KID-31_BLACK;;;CL;New-Clo;Kid-31;Black;;Kids;All;;#REF!;детский;
CL_NEW-CLO_KIDS_KID-31_BLACK_28;CL_NEW-CLO_KIDS_KID-31_BLACK_28;Спортивный 3в1 черный;28;146/146-152;2;136306498;CL_NEW-CLO_KIDS_KID-31_BLACK_146/146-152_(28);Спортивный 3в1 черный детский 146/146-152 136306498 (28);CL_NEW-CLO_KIDS_KID-31_BLACK;;;CL;New-Clo;Kid-31;Black;;Kids;All;;#REF!;детский;
CL_NEW-CLO_KIDS_KID-31_BLACK_28;CL_NEW-CLO_KIDS_KID-31_BLACK_28;Спортивный 3в1 черный;28;146-152;2;136306498;CL_NEW-CLO_KIDS_KID-31_BLACK_146-152_(28);Спортивный 3в1 черный детский 146-152 136306498 (28);CL_NEW-CLO_KIDS_KID-31_BLACK;;;CL;New-Clo;Kid-31;Black;;Kids;All;;#REF!;детский;
CL_NEW-CLO_KIDS_KID-31_BLACK_28;CL_NEW-CLO_KIDS_KID-31_BLACK_28;Спортивный 3в1 черный;28;146;2;136306498;CL_NEW-CLO_KIDS_KID-31_BLACK_146_(28);Спортивный 3в1 черный детский 146 136306498 (28);CL_NEW-CLO_KIDS_KID-31_BLACK;;;CL;New-Clo;Kid-31;Black;;Kids;All;;#REF!;детский;
CL_NEW-CLO_KIDS_KID-31_BLACK_30;CL_NEW-CLO_KIDS_KID-31_BLACK_30;Спортивный 3в1 черный;30;152-158;4;136306498;CL_NEW-CLO_KIDS_KID-31_BLACK_152-158_(30);Спортивный 3в1 черный детский 152-158 136306498 (30);CL_NEW-CLO_KIDS_KID-31_BLACK;;;CL;New-Clo;Kid-31;Black;;Kids;All;;#REF!;детский;
CL_NEW-CLO_KIDS_KID-31_BLACK_30;CL_NEW-CLO_KIDS_KID-31_BLACK_30;Спортивный 3в1 черный;30;158-164;4;136306498;CL_NEW-CLO_KIDS_KID-31_BLACK_158-164_(30);Спортивный 3в1 черный детский 158-164 136306498 (30);CL_NEW-CLO_KIDS_KID-31_BLACK;;;CL;New-Clo;Kid-31;Black;;Kids;All;;#REF!;детский;
CL_NEW-CLO_KIDS_KID-31_BLACK_30;CL_NEW-CLO_KIDS_KID-31_BLACK_30;Спортивный 3в1 черный;30;164;4;136306498;CL_NEW-CLO_KIDS_KID-31_BLACK_164_(30);Спортивный 3в1 черный детский 164 136306498 (30);CL_NEW-CLO_KIDS_KID-31_BLACK;;;CL;New-Clo;Kid-31;Black;;Kids;All;;#REF!;детский;
CL_NEW-CLO_MEN_LEG_BLACK_S;CL_NEW-CLO_MEN_LEG_BLACK_S;Леггинсы черные;S;;2;134019003;CL_NEW-CLO_MEN_LEG_BLACK_(S);Леггинсы черные мужской 134019003 (S);CL_NEW-CLO_MEN_LEG_BLACK;116968695;;CL;New-Clo;LEG;Black;;Men;All;;#REF!;мужской;
CL_NEW-CLO_MEN_LEG_BLACK_M;CL_NEW-CLO_MEN_LEG_BLACK_M;Леггинсы черные;M;44;5;134019003;CL_NEW-CLO_MEN_LEG_BLACK_44_(M);Леггинсы черные мужской 44 134019003 (M);CL_NEW-CLO_MEN_LEG_BLACK;116968695;;CL;New-Clo;LEG;Black;;Men;All;;#REF!;мужской;
CL_NEW-CLO_MEN_LEG_BLACK_M;CL_NEW-CLO_MEN_LEG_BLACK_M;Леггинсы черные;M;44-46;5;134019003;CL_NEW-CLO_MEN_LEG_BLACK_44-46_(M);Леггинсы черные мужской 44-46 134019003 (M);CL_NEW-CLO_MEN_LEG_BLACK;116968695;;CL;New-Clo;LEG;Black;;Men;All;;#REF!;мужской;
CL_NEW-CLO_MEN_LEG_BLACK_L;CL_NEW-CLO_MEN_LEG_BLACK_L;Леггинсы черные;L;46-48;8;134019003;CL_NEW-CLO_MEN_LEG_BLACK_46-48_(L);Леггинсы черные мужской 46-48 134019003 (L);CL_NEW-CLO_MEN_LEG_BLACK;116968695;;CL;New-Clo;LEG;Black;;Men;All;;#REF!;мужской;
CL_NEW-CLO_MEN_LEG_BLACK_L;CL_NEW-CLO_MEN_LEG_BLACK_L;Леггинсы черные;L;46;8;134019003;CL_NEW-CLO_MEN_LEG_BLACK_46_(L);Леггинсы черные мужской 46 134019003 (L);CL_NEW-CLO_MEN_LEG_BLACK;116968695;;CL;New-Clo;LEG;Black;;Men;All;;#REF!;мужской;
CL_NEW-CLO_MEN_LEG_BLACK_XL;CL_NEW-CLO_MEN_LEG_BLACK_XL;Леггинсы черные;XL;48-50;6;134019003;CL_NEW-CLO_MEN_LEG_BLACK_48-50_(XL);Леггинсы черные мужской 48-50 134019003 (XL);CL_NEW-CLO_MEN_LEG_BLACK;116968695;;CL;New-Clo;LEG;Black;;Men;All;;#REF!;мужской;
CL_NEW-CLO_MEN_LEG_BLACK_XL;CL_NEW-CLO_MEN_LEG_BLACK_XL;Леггинсы черные;XL;48;6;134019003;CL_NEW-CLO_MEN_LEG_BLACK_48_(XL);Леггинсы черные мужской 48 134019003 (XL);CL_NEW-CLO_MEN_LEG_BLACK;116968695;;CL;New-Clo;LEG;Black;;Men;All;;#REF!;мужской;
CL_NEW-CLO_MEN_LEG_BLACK_XL;CL_NEW-CLO_MEN_LEG_BLACK_XL;Леггинсы черные;XL;50-52;6;134019003;CL_NEW-CLO_MEN_LEG_BLACK_50-52_(XL);Леггинсы черные мужской 50-52 134019003 (XL);CL_NEW-CLO_MEN_LEG_BLACK;116968695;;CL;New-Clo;LEG;Black;;Men;All;;#REF!;мужской;
CL_NEW-CLO_MEN_LEG_BLACK_XL;CL_NEW-CLO_MEN_LEG_BLACK_XL;Леггинсы черные;XL;50;6;134019003;CL_NEW-CLO_MEN_LEG_BLACK_50_(XL);Леггинсы черные мужской 50 134019003 (XL);CL_NEW-CLO_MEN_LEG_BLACK;116968695;;CL;New-Clo;LEG;Black;;Men;All;;#REF!;мужской;
CL_NEW-CLO_MEN_LEG_BLACK_2XL;CL_NEW-CLO_MEN_LEG_BLACK_2XL;Леггинсы черные;2XL;52-54;11;134019003;CL_NEW-CLO_MEN_LEG_BLACK_52-54_(2XL);Леггинсы черные мужской 52-54 134019003 (2XL);CL_NEW-CLO_MEN_LEG_BLACK;116968695;;CL;New-Clo;LEG;Black;;Men;All;;#REF!;мужской;
CL_NEW-CLO_MEN_LEG_BLACK_2XL;CL_NEW-CLO_MEN_LEG_BLACK_2XL;Леггинсы черные;2XL;52;11;134019003;CL_NEW-CLO_MEN_LEG_BLACK_52_(2XL);Леггинсы черные мужской 52 134019003 (2XL);CL_NEW-CLO_MEN_LEG_BLACK;116968695;;CL;New-Clo;LEG;Black;;Men;All;;#REF!;мужской;
CL_NEW-CLO_MEN_LEG_BLACK_3XL;CL_NEW-CLO_MEN_LEG_BLACK_3XL;Леггинсы черные;3XL;54-56;9;134019003;CL_NEW-CLO_MEN_LEG_BLACK_54-56_(3XL);Леггинсы черные мужской 54-56 134019003 (3XL);CL_NEW-CLO_MEN_LEG_BLACK;116968695;;CL;New-Clo;LEG;Black;;Men;All;;#REF!;мужской;
CL_NEW-CLO_MEN_LEG_BLACK_3XL;CL_NEW-CLO_MEN_LEG_BLACK_3XL;Леггинсы черные;3XL;54;9;134019003;CL_NEW-CLO_MEN_LEG_BLACK_54_(3XL);Леггинсы черные мужской 54 134019003 (3XL);CL_NEW-CLO_MEN_LEG_BLACK;116968695;;CL;New-Clo;LEG;Black;;Men;All;;#REF!;мужской;
CL_NEW-CLO_MEN_LEG_BLACK_S;CL_NEW-CLO_MEN_LEG_BLACK_S;Леггинсы черные;S;;4;116968695;CL_NEW-CLO_MEN_LEG_BLACK_(S);Леггинсы черные мужской 116968695 (S);CL_NEW-CLO_MEN_LEG_BLACK;116968695;;CL;New-Clo;LEG;Black;;Men;All;;#REF!;мужской;
CL_NEW-CLO_MEN_LEG_BLACK_M;CL_NEW-CLO_MEN_LEG_BLACK_M;Леггинсы черные;M;S 44-46;18;116968695;CL_NEW-CLO_MEN_LEG_BLACK_S 44-46_(M);Леггинсы черные мужской S 44-46 116968695 (M);CL_NEW-CLO_MEN_LEG_BLACK;116968695;;CL;New-Clo;LEG;Black;;Men;All;;#REF!;мужской;
CL_NEW-CLO_MEN_LEG_BLACK_L;CL_NEW-CLO_MEN_LEG_BLACK_L;Леггинсы черные;L;M 48;29;116968695;CL_NEW-CLO_MEN_LEG_BLACK_M 48_(L);Леггинсы черные мужской M 48 116968695 (L);CL_NEW-CLO_MEN_LEG_BLACK;116968695;;CL;New-Clo;LEG;Black;;Men;All;;#REF!;мужской;
CL_NEW-CLO_MEN_LEG_BLACK_XL;CL_NEW-CLO_MEN_LEG_BLACK_XL;Леггинсы черные;XL;L 50;43;116968695;CL_NEW-CLO_MEN_LEG_BLACK_L 50_(XL);Леггинсы черные мужской L 50 116968695 (XL);CL_NEW-CLO_MEN_LEG_BLACK;116968695;;CL;New-Clo;LEG;Black;;Men;All;;#REF!;мужской;
CL_NEW-CLO_MEN_LEG_BLACK_2XL;CL_NEW-CLO_MEN_LEG_BLACK_2XL;Леггинсы черные;2XL;XL 52;41;116968695;CL_NEW-CLO_MEN_LEG_BLACK_XL 52_(2XL);Леггинсы черные мужской XL 52 116968695 (2XL);CL_NEW-CLO_MEN_LEG_BLACK;116968695;;CL;New-Clo;LEG;Black;;Men;All;;#REF!;мужской;
CL_NEW-CLO_MEN_LEG_BLACK_3XL;CL_NEW-CLO_MEN_LEG_BLACK_3XL;Леггинсы черные;3XL;2XL 54;16;116968695;CL_NEW-CLO_MEN_LEG_BLACK_2XL 54_(3XL);Леггинсы черные мужской 2XL 54 116968695 (3XL);CL_NEW-CLO_MEN_LEG_BLACK;116968695;;CL;New-Clo;LEG;Black;;Men;All;;#REF!;мужской;
CL_NEW-CLO_MEN_LEG_BLACK_3XL;CL_NEW-CLO_MEN_LEG_BLACK_3XL;Леггинсы черные;3XL;3XL 54-56;16;116968695;CL_NEW-CLO_MEN_LEG_BLACK_3XL 54-56_(3XL);Леггинсы черные мужской 3XL 54-56 116968695 (3XL);CL_NEW-CLO_MEN_LEG_BLACK;116968695;;CL;New-Clo;LEG;Black;;Men;All;;#REF!;мужской;
CL_NEW-CLO_MEN_TAICI_BLACK_S;CL_NEW-CLO_MEN_TAICI_BLACK_S;Тайтсы черные;S;;3;123591314;CL_NEW-CLO_MEN_TAICI_BLACK_(S);Тайтсы черные мужской 123591314 (S);CL_NEW-CLO_MEN_TAICI_BLACK;;;CL;New-Clo;TAICI;Black;;Men;All;;#REF!;мужской;
CL_NEW-CLO_MEN_TAICI_BLACK_M;CL_NEW-CLO_MEN_TAICI_BLACK_M;Тайтсы черные;M;S 44-46;14;123591314;CL_NEW-CLO_MEN_TAICI_BLACK_S 44-46_(M);Тайтсы черные мужской S 44-46 123591314 (M);CL_NEW-CLO_MEN_TAICI_BLACK;;;CL;New-Clo;TAICI;Black;;Men;All;;#REF!;мужской;
CL_NEW-CLO_MEN_TAICI_BLACK_L;CL_NEW-CLO_MEN_TAICI_BLACK_L;Тайтсы черные;L;M 46-48;24;123591314;CL_NEW-CLO_MEN_TAICI_BLACK_M 46-48_(L);Тайтсы черные мужской M 46-48 123591314 (L);CL_NEW-CLO_MEN_TAICI_BLACK;;;CL;New-Clo;TAICI;Black;;Men;All;;#REF!;мужской;
CL_NEW-CLO_MEN_TAICI_BLACK_XL;CL_NEW-CLO_MEN_TAICI_BLACK_XL;Тайтсы черные;XL;L 48-50;40;123591314;CL_NEW-CLO_MEN_TAICI_BLACK_L 48-50_(XL);Тайтсы черные мужской L 48-50 123591314 (XL);CL_NEW-CLO_MEN_TAICI_BLACK;;;CL;New-Clo;TAICI;Black;;Men;All;;#REF!;мужской;
CL_NEW-CLO_MEN_TAICI_BLACK_2XL;CL_NEW-CLO_MEN_TAICI_BLACK_2XL;Тайтсы черные;2XL;XL 50-52;34;123591314;CL_NEW-CLO_MEN_TAICI_BLACK_XL 50-52_(2XL);Тайтсы черные мужской XL 50-52 123591314 (2XL);CL_NEW-CLO_MEN_TAICI_BLACK;;;CL;New-Clo;TAICI;Black;;Men;All;;#REF!;мужской;
CL_NEW-CLO_MEN_TAICI_BLACK_3XL;CL_NEW-CLO_MEN_TAICI_BLACK_3XL;Тайтсы черные;3XL;2XL 52-54;12;123591314;CL_NEW-CLO_MEN_TAICI_BLACK_2XL 52-54_(3XL);Тайтсы черные мужской 2XL 52-54 123591314 (3XL);CL_NEW-CLO_MEN_TAICI_BLACK;;;CL;New-Clo;TAICI;Black;;Men;All;;#REF!;мужской;
CL_NEW-CLO_MEN_TAICI_BLACK_3XL;CL_NEW-CLO_MEN_TAICI_BLACK_3XL;Тайтсы черные;3XL;3XL 54-56;12;123591314;CL_NEW-CLO_MEN_TAICI_BLACK_3XL 54-56_(3XL);Тайтсы черные мужской 3XL 54-56 123591314 (3XL);CL_NEW-CLO_MEN_TAICI_BLACK;;;CL;New-Clo;TAICI;Black;;Men;All;;#REF!;мужской;
CL_NEW-CLO_MEN_LEG_WHITE_S;CL_NEW-CLO_MEN_LEG_WHITE_S;Леггинсы белый;S;;12;118808622;CL_NEW-CLO_MEN_LEG_WHITE_(S);Леггинсы белый мужской 118808622 (S);CL_NEW-CLO_MEN_LEG_WHITE;;;CL;New-Clo;LEG;White;;Men;All;;#REF!;мужской;
CL_NEW-CLO_MEN_LEG_WHITE_M;CL_NEW-CLO_MEN_LEG_WHITE_M;Леггинсы белый;M;S 44-46;50;118808622;CL_NEW-CLO_MEN_LEG_WHITE_S 44-46_(M);Леггинсы белый мужской S 44-46 118808622 (M);CL_NEW-CLO_MEN_LEG_WHITE;;;CL;New-Clo;LEG;White;;Men;All;;#REF!;мужской;
CL_NEW-CLO_MEN_LEG_WHITE_L;CL_NEW-CLO_MEN_LEG_WHITE_L;Леггинсы белый;L;M 48;77;118808622;CL_NEW-CLO_MEN_LEG_WHITE_M 48_(L);Леггинсы белый мужской M 48 118808622 (L);CL_NEW-CLO_MEN_LEG_WHITE;;;CL;New-Clo;LEG;White;;Men;All;;#REF!;мужской;
CL_NEW-CLO_MEN_LEG_WHITE_XL;CL_NEW-CLO_MEN_LEG_WHITE_XL;Леггинсы белый;XL;L 50;124;118808622;CL_NEW-CLO_MEN_LEG_WHITE_L 50_(XL);Леггинсы белый мужской L 50 118808622 (XL);CL_NEW-CLO_MEN_LEG_WHITE;;;CL;New-Clo;LEG;White;;Men;All;;#REF!;мужской;
CL_NEW-CLO_MEN_LEG_WHITE_2XL;CL_NEW-CLO_MEN_LEG_WHITE_2XL;Леггинсы белый;2XL;XL 52;115;118808622;CL_NEW-CLO_MEN_LEG_WHITE_XL 52_(2XL);Леггинсы белый мужской XL 52 118808622 (2XL);CL_NEW-CLO_MEN_LEG_WHITE;;;CL;New-Clo;LEG;White;;Men;All;;#REF!;мужской;
CL_NEW-CLO_MEN_LEG_WHITE_3XL;CL_NEW-CLO_MEN_LEG_WHITE_3XL;Леггинсы белый;3XL;2XL 54;47;118808622;CL_NEW-CLO_MEN_LEG_WHITE_2XL 54_(3XL);Леггинсы белый мужской 2XL 54 118808622 (3XL);CL_NEW-CLO_MEN_LEG_WHITE;;;CL;New-Clo;LEG;White;;Men;All;;#REF!;мужской;
CL_NEW-CLO_MEN_LEG_WHITE_3XL;CL_NEW-CLO_MEN_LEG_WHITE_3XL;Леггинсы белый;3XL;3XL 54-56;47;118808622;CL_NEW-CLO_MEN_LEG_WHITE_3XL 54-56_(3XL);Леггинсы белый мужской 3XL 54-56 118808622 (3XL);CL_NEW-CLO_MEN_LEG_WHITE;;;CL;New-Clo;LEG;White;;Men;All;;#REF!;мужской;